DOY,SW,PAR,TA,VPD,CO2,PA,ALB
1,0.2744750652631578,9.420710562,258.695625,59.13984294592075,408.238,100118.74999999999,0.1347624767415076
2,2.3052184199999997,6.957880704,252.755625,40.26329096927793,408.238,99743.08333333334,0.13954924485005948
3,6.224792436,15.286152941999998,251.93437500000002,41.84582255988819,408.238,99904.0,0.11098245257894399
4,5.168424816,11.899937772,267.8997291666667,127.7139492158314,408.238,98852.83333333333,0.12692328623380297
5,0.9418202999999998,3.2723438219999994,270.779625,28.457218275945365,408.238,98662.79166666667,0.32823723557982537
6,5.2753057199999995,12.297406734,265.57025000000004,57.8509884919759,408.238,97338.25000000001,0.15005030165411132
7,5.954271948000001,13.499425133999999,254.82208333333335,42.30210609566721,408.238,98705.39583333333,0.12971995715502888
8,4.61093706,11.23087149,258.5291666666667,47.35454849639197,408.238,99937.08333333331,0.1277140962103556
9,6.62008986,15.999729372,263.0174375,75.35290982908816,408.238,100523.33333333333,0.11916749550381084
10,2.537277876,7.159348133999999,269.61277083333334,35.77711893525964,408.238,99440.8125,0.14973160096924543
11,0.48626776800000004,3.3322197420000004,275.5932916666667,18.831003967188167,408.238,96994.81250000001,0.12350564544491553
12,1.1685128399999998,5.008839084000001,274.11579166666667,140.6409457941828,408.238,98037.91666666666,0.132209431945089
13,4.209261713999999,10.902030821999997,276.2031875,181.2670607061027,408.238,97798.14583333333,0.1328904905567144
14,4.620790619999999,13.293625769999998,273.94175,145.97061055492037,408.238,98013.85416666666,0.11964668041050175
15,1.4332517280000001,4.973104188,270.87166666666667,128.60206584801824,408.238,98324.58333333334,0.1385091178387353
16,3.5697301379999993,9.248304689999998,268.19335416666667,84.57389378307562,408.238,98418.29166666666,0.1359766660109898
17,1.7980655399999999,5.988160259999999,270.7158125,62.758263382099074,408.238,98077.14583333334,0.1491070173863383
18,5.82060492,14.178287195999998,268.30191666666667,87.20209143848308,408.238,98331.45833333333,0.1310966068259914
19,1.9099572119999997,5.408676647999999,267.96625,68.65751200442526,408.238,97330.10416666667,0.14806469828366045
20,4.43975724,11.776441842000002,261.2849166666667,40.61223294348295,408.238,98194.95833333333,0.14605210224584234
21,6.610048560000001,16.85065518,251.69562500000004,27.481132768040965,408.238,99433.16666666666,0.16101377655750002
22,6.101372879999999,16.168595688,250.05312500000002,26.12305710600893,408.238,99181.47916666664,0.1445103777153711
23,5.94316926,12.341775995999999,253.44312500000004,27.735435827198174,408.238,99637.9375,0.17689425822568625
24,6.234984954,13.659178211999997,257.5002083333334,46.397899676521035,408.238,98819.89583333331,0.14283106594846443
25,5.144312574000001,12.820133754,263.431375,73.01301177747678,408.238,96777.18750000001,0.13439931712587652
26,3.12193494,8.581712616,258.63125,39.99986811825863,408.238,97427.77083333333,0.152928661996108
27,6.760052460000001,15.994943892,260.9056875,65.9512658772534,408.238,98041.45833333333,0.1337022318077413
28,9.4323744,20.17311777,257.2683333333334,53.578741044202474,408.238,99329.8125,0.12140814017564722
29,5.20587747,13.081313286,259.14583333333337,57.874071936166615,407.3160416666667,98903.4375,0.13180227614036522
30,4.974327972,12.207154391999998,264.966875,124.26464210141282,408.12625,98868.74999999999,0.14538221185791325
31,3.7707397200000004,11.249660447999997,269.10093750000004,101.06063006859353,405.0522916666667,98911.62500000001,0.13553025702842977
32,0.41987415599999983,4.179493295999999,267.56518750000004,23.149297195189092,417.23854166666666,98965.08333333334,0.18291761126442543
33,1.1571875999999999,2.2303646460000004,268.65945833333336,47.896225304839106,403.53541666666666,99139.6875,0.4683842024995941
34,3.936375719999999,6.929843202,263.94070833333336,53.12987103874255,404.6039583333333,99906.93749999999,0.3046433811649178
35,7.089092460000001,17.234405226,264.3071458333334,75.74757016002323,409.05895833333335,100215.22916666667,0.1627770210350977
36,1.6660634399999998,6.582708738000001,263.84858333333335,57.22891641309707,406.22875,99303.97916666666,0.1732841842773934
37,5.747206499999999,14.763562380000002,261.3775625,60.537310156857274,404.03749999999997,99657.81249999999,0.1548175256871844
38,8.90258328,20.218388238,261.12875,73.42882947022736,406.64833333333337,99512.3125,0.13520909015200602
39,8.97572754,20.521974042000004,261.71127083333334,72.38630150695712,407.714375,99596.875,0.13204984054915506
40,3.2081563799999997,9.905316588,260.4322916666667,31.992130416536583,414.5027083333334,99173.12499999999,0.1599251609907251
41,6.584698025999998,14.21288172,261.02562500000005,54.52296284833011,404.86999999999995,99555.75,0.1611405932392435
42,10.56155976,23.748625206,259.55645833333335,64.16648347381289,402.88319148936176,100315.29166666667,0.12630120295309527
43,11.28681324,24.273300887999998,258.86025,53.89616637205461,411.94437500000004,99974.97916666664,0.12918780311211212
44,10.19688966,24.905742353999997,264.88004166666667,116.93609255307919,416.2904166666667,98621.35416666666,0.12489926362304969
45,5.636815200000001,16.43927454,267.87927083333335,102.05196521741277,413.2660416666666,97455.79166666666,0.14260060322588908
46,10.37369268,24.01495182,263.61885416666667,44.61159148176171,404.66875,98557.64583333333,0.12737031899654253
47,7.016214960000001,15.286360194000002,258.63437500000003,41.77529107722921,403.3841666666667,99279.5625,0.17813637278211056
48,10.786870133999999,24.6621681,260.10558333333336,80.11557601995733,403.9158333333333,99824.95833333333,0.13331434108585125
49,6.23142288,15.866023787999998,268.49058333333335,75.23988902815603,406.263125,98295.39583333333,0.1444071806909105
50,6.8898923100000005,19.473381989999996,271.63183333333336,104.22014757893265,415.6470833333333,98072.89583333333,0.13251362055780228
51,1.973800836,6.933418236,271.9798333333334,89.70223802950937,407.78428571428566,98863.08333333333,0.14209585120432364
52,4.619741346,11.615252526,275.1602291666667,137.80053666789854,403.8208333333334,97370.70833333333,0.1289399339917545
53,11.5013736,24.506406864,272.31775000000005,258.1827152285044,402.91770833333334,98068.4375,0.1207574404694663
54,12.470321700000001,27.091999548,268.63039583333335,152.25036972966888,403.49937500000004,98642.66666666667,0.12441332785452623
55,6.48943182,15.609633732,264.23956250000003,83.00201396535837,402.37604166666665,98886.66666666666,0.1422953520969905
56,9.29116602,22.181499180000003,262.70795833333335,80.53171011953327,402.82687500000003,98877.27083333334,0.13651724076118102
57,12.028480037999998,26.802042966000002,259.2060416666667,78.42195099855917,403.285,98377.72916666666,0.1267198606579534
58,10.524030407999998,22.133906334000002,258.97208333333333,68.09907044443892,404.02770833333335,97949.89583333331,0.1332346974591656
59,14.10822432,31.890308202000003,257.051875,73.39317557756165,405.3482222222222,99819.29166666667,0.12433100893491326
60,3.486438252,10.556556354,264.43554166666667,74.57039064479554,408.57375,99313.25,0.14976943967157647
61,10.55398212,25.58667223800001,259.14583333333337,60.27054804204431,403.18000000000006,99738.9375,0.1279923641315219
62,15.115589640000001,33.522076998,256.29875000000004,64.62217329155031,402.984375,100116.8125,0.12628582251190976
63,6.569180586000001,17.105824367999997,260.16895833333336,64.39081977598852,406.7518749999999,99856.6875,0.14809905336916526
64,10.77633234,24.155207586000003,262.19581250000005,65.76935737456284,409.6927083333333,100344.6875,0.1311388324328019
65,15.68000628,35.03348424,260.46006250000005,63.37389953681833,406.49583333333334,100541.04166666667,0.1286807351251912
66,15.011749872,33.600050388,269.53714583333334,152.64723458568562,417.5329166666667,99021.97916666667,0.13115851652335328
67,11.452226219999998,27.659787804000004,270.2766041666667,130.0509420942857,409.0677083333333,98920.66666666666,0.1246157954798748
68,12.313992311999998,28.77985917,267.40627083333334,126.7346362821607,404.9277083333333,98894.08333333331,0.13753177382208848
69,11.591233740000002,27.516325680000005,275.5379166666667,207.5490539670401,411.77,97580.08333333333,0.13523561456843455
70,13.96702674,33.21742782599999,276.2761458333334,276.65525429271594,405.06823529411764,97813.95833333333,0.13121593323936984
71,3.6360655200000003,10.921624847999999,267.07616666666667,81.68148286797037,404.65875,98071.04166666666,0.1588254394507655
72,16.572277782,35.49180456,260.4425,88.32706222699403,404.9514583333333,98877.77083333333,0.14221206581556808
73,15.630716285999998,35.06265171,274.88395833333334,253.16895601799058,407.3770833333333,97740.77083333331,0.13295286233786108
74,4.4872583399999995,11.724550866,270.8465625,80.98322243293052,406.35812500000003,98504.79166666666,0.13691296053438096
75,17.9652384,39.44183302800001,259.61937500000005,79.03311500633745,403.213125,100085.97916666667,0.13027190557681192
76,16.12733796,38.157769278,260.586875,91.15473571414651,405.30562499999996,99388.64583333333,0.128783044317877
77,15.084322379999998,34.433677368000005,269.53418750000003,187.9917884462655,407.5914583333333,99342.93749999999,0.12961591125749786
78,1.9262514059999998,7.089007068,273.9152291666667,116.59754129783767,412.74583333333334,98181.60416666666,0.13219841664855284
79,4.072932756,12.042951408000002,273.38866666666667,138.1385656924793,405.511875,98107.27083333334,0.12990628351790487
80,17.580703319999994,38.923164738000004,272.29445833333335,169.92415690193332,404.8222916666667,98941.5,0.12458296802535807
81,11.442179519999998,25.58274471,271.42177083333337,94.16236708555533,404.8429166666667,98570.62499999999,0.15730427964701366
82,19.273064220000002,42.37806265199999,262.9443125,90.67737914671142,403.73291666666665,99800.54166666667,0.13931362541230694
83,12.544967340000003,31.911184349999996,263.1411875,93.791047726871,404.48651162790696,99569.41666666667,0.14199428170079814
84,10.9108683,25.768555685999996,264.8205208333334,77.57728897282269,406.2322916666667,98748.83333333334,0.14176367152718192
85,20.188855619999995,41.66410071600001,262.6969166666667,98.33733879875743,403.8854166666667,99637.97916666669,0.13866621520001607
86,10.508710608000001,25.011836208000002,270.13758333333334,132.0808849949055,409.3125,99100.22916666667,0.14897289407357533
87,2.019152124,6.200837693999999,275.71445833333337,58.69748117505924,407.9087234042553,98306.625,0.1306585867880321
88,3.950674200000001,12.119782464000002,274.20708333333334,171.8832346759773,407.414375,99580.16666666667,0.13723023040556118
89,20.36985444,45.24086430000001,272.4894791666667,236.8426160625313,403.66562500000003,99299.91666666667,0.13095447851556624
90,19.6883487,44.343209141999985,275.73802083333334,361.5432061024592,407.0404166666667,99564.83333333334,0.12893386844626856
91,11.04476607,23.734490364,277.123125,304.6301756213619,410.2383333333334,98771.64583333333,0.12175721103256798
92,17.924212242,39.263986206,274.03470833333336,208.85398561617023,405.05145833333336,99321.95833333333,0.1191020800451837
93,14.829121548000002,33.467945994,273.51356250000003,208.47772762683928,404.7952083333333,99512.39583333331,0.121809875835549
94,2.679050826,7.051496616,275.80145833333336,117.33051266715302,408.87000000000006,97776.39583333333,0.11384118035007507
95,14.157369611999998,33.83883549,273.32479166666667,171.96638421524563,403.986875,98596.37500000001,0.11519208316586192
96,21.125107638,46.299096684,275.7587916666667,331.62602622898817,404.7241666666667,99422.45833333334,0.12081831129835179
97,11.554913502,25.980274872,277.15312500000005,262.8009578390273,412.66104166666673,98494.41666666667,0.11869807233346656
98,16.563610421999996,36.63061160400001,276.5721666666667,156.42673002436368,405.1385416666667,97430.87500000001,0.1111802306231567
99,22.416762761999998,48.035177946,276.4933125,313.2066851958347,404.68125000000003,98602.1875,0.11568142323209041
100,15.202957859999998,34.11577764,280.9299166666667,384.74512565754935,405.79729166666675,98146.62499999999,0.12040540436586102
101,19.727222832000002,44.922834648,279.5933958333334,453.2562178756591,404.74708333333336,98946.93749999999,0.10814025535265909
102,14.120593182000004,29.68664121,279.54670833333336,343.83412695244283,405.74312499999996,99329.70833333331,0.10738065641882699
103,8.864630226,20.087896482,282.11156250000005,113.23594836534994,409.6775,98385.04166666667,0.09396792599421361
104,7.45534020561702,16.641735331404252,282.27176595744686,187.94577535443705,407.0513513513514,97592.6170212766,0.06680625308346731
105,11.460139405714285,25.64282773028571,268.2618095238096,107.44825238575129,402.9171428571429,99017.04761904763,0.15604539150904498
106,18.21172068,43.467286032000004,270.6961875,201.82168160758982,404.394375,100337.12500000001,0.13308640216785636
107,22.506929334,48.003927156,276.56606250000004,327.8695793603495,407.6366666666667,100477.70833333334,0.09255357753463879
108,7.451207946,15.099417053999996,277.33000000000004,201.06746265318088,411.48499999999996,99876.16666666667,0.047877301846463736
109,23.893109172000006,49.988845782000006,276.6839791666667,227.00196795919828,406.029375,100382.70833333333,0.05360041945526991
110,19.382406588,41.586964758,281.6759166666667,489.5966209740608,413.05187499999994,99934.10416666666,0.05263783930225148
111,9.849205044000001,22.820200344000003,286.80145833333336,786.1693194896177,414.7715625,98668.97916666666,0.05016371858019126
112,8.57626191,17.659444733999997,279.93887500000005,99.83031549825205,412.2322916666667,97802.47916666667,0.04326765566580357
113,21.330393624000003,44.377189596,276.1355208333334,267.6995275500742,403.2385416666666,98846.91666666667,0.048135085106708525
114,25.088584049999994,52.68801104999998,277.5252291666667,503.9672412207377,404.26375,99363.39583333334,0.051164616205416645
115,10.450220201999997,22.780921067999998,279.458,408.9584266515217,404.095,98414.91666666667,0.05096005866201441
116,8.86441176,19.953263141999997,276.80339583333335,78.69733204558099,404.50375,98565.77083333333,0.04240912857099633
117,24.646398408,53.218046447999996,278.54783333333336,307.39646930170375,404.1525,99550.20833333333,0.05038453774548068
118,23.338427489999997,50.22289850400001,280.83306250000004,525.3826777994709,405.16187499999995,99369.08333333333,0.05066107532199391
119,2.613518712,6.212405412,281.3057708333334,185.69375240063687,405.4621052631579,98807.54166666667,0.033704197024159055
120,2.666570274,6.978869694,280.6934375,55.712698384775194,405.7337816764133,98760.95833333333,0.0375569623008353
121,10.943012807999997,26.966722769999997,282.6027291666667,216.3476196511906,406.00545808966865,98011.54166666667,0.04565393735458349
122,8.589740363999999,17.059575977999998,281.55614583333335,203.64543646692596,406.277134502924,97988.77083333333,0.047039636450218456
123,5.362895393999999,11.730353796000001,281.54408333333333,144.4659153739234,406.5488109161794,97858.52083333333,0.039161446448157916
124,22.433256665999995,47.035094058,279.82075000000003,224.1205468642397,406.82048732943474,98405.10416666666,0.04786387783606631
125,18.765005832,42.156403092,279.39983333333333,315.64896355753297,407.0921637426901,99100.08333333333,0.05100350291526718
126,26.013112614,55.398132737999994,279.9989375,388.74817869136007,407.3638401559454,99306.60416666667,0.04970067686255017
127,19.311578424,43.331478389999994,282.5856041666667,636.0946496000133,407.6355165692008,99568.4375,0.049572305118851495
128,18.368425115999997,41.086742184,288.22333333333336,913.1002522698083,407.90719298245614,99196.68750000001,0.04878999768398868
129,13.01393889,30.103807428,291.53562500000004,836.995646379582,408.1788693957115,98406.16666666669,0.04897188076710812
130,23.92533905399999,53.19946173599998,287.24095833333337,572.2641542963813,408.45054580896687,98438.64583333334,0.04903643076213098
131,25.393042691999998,52.743763116000004,287.8005416666667,920.2406325354401,408.72222222222223,99095.87500000001,0.049404097092373256
132,16.709224572000004,39.80929579199999,289.94750000000005,776.5120528926045,416.2270833333334,99111.47916666666,0.04972841575353432
133,15.61812849,36.888319152,291.105,285.80868602062515,412.14562499999994,98971.10416666667,0.0441139605546861
134,13.327406676000003,31.853855465999995,285.25425,199.57672310094222,405.51479166666667,99310.79166666666,0.04333556845178159
135,6.67383777,15.980658516,286.7099375,129.71479994538845,407.1141666666667,98511.89583333333,0.03542316766441316
136,20.899698066000003,42.685439274,279.84552083333335,182.9585989954984,400.9085416666667,98795.70833333333,0.04335477004513865
137,18.36746334,40.161035231999996,278.9530833333334,317.1371911368327,401.2160416666666,99204.02083333334,0.045386030401617906
138,20.834607239999997,43.94948191199999,283.0703125,469.2276025392463,404.1879166666667,99619.52083333334,0.046902281763580314
139,22.095279162,47.55037901399999,286.2867916666667,732.6654447522545,406.0602083333333,99631.95833333334,0.046154428829133815
140,10.958950781999999,26.198362133999996,287.0960625,590.3109005902395,413.0629166666667,99312.02083333334,0.04650119056179316
141,21.46535136,47.89279481399999,290.284375,562.1480258422898,405.71374999999995,98546.97916666669,0.045864415608460135
142,19.464775739999997,40.51349338212765,286.5047916666667,221.84049811583304,404.782888888889,98606.65957446808,0.04204107992815502
143,6.23898558,17.516064689999997,284.53812500000004,148.29684535585943,402.6739583333333,99020.45833333334,0.04169943049005719
144,26.196622199999993,59.27980314600001,288.3152083333334,768.327611393044,403.50458333333336,99405.04166666664,0.04454423415503829
145,22.645059119999992,57.252485052,291.22041666666667,1182.4985149907488,404.8847916666667,99275.50000000001,0.04306174646848586
146,20.795043384,49.338510101999994,295.0204166666667,1383.7095686476978,403.910625,98843.49999999999,0.041040112354708495
147,20.89907784,51.463307412,293.5004166666667,675.0636785121501,404.96104166666663,98502.54166666666,0.03823838215926906
148,12.309671340000001,31.286714598,287.68125000000003,438.2969188027689,399.1864583333333,99183.41666666667,0.03851298723698607
149,21.197783880000003,53.316606618000016,286.91470833333335,420.50381565390285,401.626875,99521.14583333331,0.035461364927933996
150,25.65998973,60.269216723999996,288.6963541666667,552.8398275438699,404.19208333333336,99614.95833333333,0.033898076680768385
151,26.717880851999997,60.895498806000006,289.72727083333336,948.5016873748632,403.89500000000004,99898.12500000001,0.03270141769170944
152,25.850176115744688,57.23014107982978,292.34510638297877,1145.332873305639,416.12086956521745,99528.82978723403,0.03267913771186154
153,3.349142208,9.338758905599997,298.3113333333334,1001.3444313682085,410.59555555555556,98431.79999999999,0.030170442608925853
154,20.41891434,48.425243148,294.0066666666667,761.4245051341306,405.88803703703707,98310.52083333333,0.03104953223269667
155,20.301156540000004,46.46459403,289.1604166666667,750.5587138135656,401.18051851851857,98444.97916666667,0.03155623434594765
156,19.937565,46.206787823999996,285.21270833333335,390.70742428193785,396.47300000000007,98526.47916666667,0.03131853418402643
157,26.308742399999996,60.345004157999995,287.58483333333334,750.8571083254761,398.5352083333333,98965.125,0.029358190370845052
158,26.672692841999993,60.89411750400001,289.96306250000004,1014.5982353896895,401.4747916666667,99036.8125,0.02856847753620414
159,7.5852945,21.27465621,287.50208333333336,543.977517154203,410.21208333333334,98749.47916666667,0.030875157347607266
160,25.802182979999998,58.706383068,289.82770833333336,643.8792580905786,397.36208333333326,98999.39583333333,0.027921898818077596
161,20.220883920000002,48.34157697,291.88625,924.5486281496717,396.04979166666664,98932.1875,0.03032282734404144
162,6.82891218,19.395346014,291.33750000000003,320.6039524753028,410.73583333333335,98540.5,0.029157110452775647
163,13.717476899999996,33.167150118,293.65270833333335,330.96367225508175,404.1289583333334,98176.10416666666,0.028249413611557497
164,15.289969032,40.276576494000004,288.8197916666667,339.30711694285696,405.285625,98319.04166666667,0.02677492468012144
165,22.53211362,51.149342592,284.98354166666667,308.112909378651,392.76916666666665,99208.89583333333,0.026599585508901468
166,26.504258759999992,59.538386249999995,288.0464791666667,538.5941911243647,397.17625,99500.1875,0.02753348397984166
167,20.86985916,47.290823694000004,291.5504166666667,565.186556356854,394.4014583333333,99070.99999999999,0.02790519523489355
168,8.30506572,19.748810646,291.776875,298.24169731060556,409.3825,98624.70833333334,0.03012984714198571
169,13.61942964,35.03039715,291.14229166666667,224.22496167799113,393.2679166666667,99027.47916666669,0.027884165738041023
170,27.575498879999994,61.14215899799999,288.921875,566.6188797899383,395.14145833333333,99519.16666666666,0.02680493019642322
171,21.89912328,51.143105772000006,287.60850000000005,642.6056916132,398.4685416666667,99302.60416666666,0.027415131498870045
172,24.637577940000003,57.33738545399999,289.9129166666667,814.4741744403043,399.26020833333337,98950.70833333334,0.025938998163653523
173,21.2797638,49.768830575999985,290.75937500000003,963.0227985911149,400.96729166666665,98940.64583333333,0.027579343860691493
174,14.015100239999997,33.791891652,292.1564583333334,738.4357882013139,399.33520833333336,98922.31250000001,0.028604290578174582
175,4.31654094,12.872170332,292.55125000000004,101.23165998114018,408.95229166666667,98591.08333333331,0.024142938446628997
176,2.764786536,9.796667148,290.2447916666667,28.56023700297851,398.35234042553185,98801.22916666669,0.023066169605051073
177,25.14651461999999,59.89965168599999,290.6097916666667,581.9475255700575,391.82933333333335,99102.27083333333,0.024745185928125066
178,19.939125419999996,45.5129523,291.7860416666667,866.6080450522479,397.845,99428.97916666666,0.027820366115867197
179,20.520544679999993,47.16062828999999,294.70625,896.9941441166634,400.8341666666667,99509.79166666666,0.026858873851529852
180,18.878536439999998,44.460747522,296.25687500000004,587.68254111031,400.50937500000003,99032.14583333333,0.026904499466818478
181,20.7804681,47.63862189,297.66895833333336,689.535229837817,398.5708333333334,98510.0625,0.02827312202922333
182,22.677869339999997,47.968158960000004,296.2860416666667,756.5177223416867,393.5041666666666,97891.72916666666,0.025593295940828823
183,17.04047166,40.480814681999995,293.2529166666667,528.442850085341,393.96750000000003,98335.66666666667,0.02711741827883997
184,8.894738800340425,22.486338269999997,287.769375,280.5502438469168,396.01270833333336,98992.97916666667,0.026408706249530248
185,27.364221360000002,61.157240046,288.6829166666667,627.8554908479427,388.126875,99636.85416666666,0.02590045732620665
186,27.26949852,60.83685671399999,290.45395833333333,939.9095649114506,388.3072916666667,99553.89583333333,0.02600224902211243
187,19.53796428,43.037288964,293.53458333333333,938.2639804276735,381.60041666666666,98627.91666666666,0.027453349837819028
188,20.51206794,40.312532574,294.48687500000005,563.5369920877652,384.215,97742.70833333333,0.026452321844144328
189,6.66082116,17.723206782,290.96625,271.822705753857,398.3497142857143,97644.18749999999,0.026129154486327202
190,16.0441452,35.800081254,287.8572916666667,430.4144475576343,382.5058333333333,98526.27083333333,0.02611738664407446
191,20.314349819999997,51.365279214,287.35645833333336,531.0523184380479,388.2522916666667,99517.14583333334,0.027472358986328396
192,25.393759379999995,57.75108471,289.475,698.9320229288228,392.4529166666666,99713.12499999999,0.02575791671221062
193,23.8772718,49.66754787,293.7189583333334,773.6422277405061,391.04020833333334,99256.79166666667,0.026832392843073528
194,18.913188384,46.133263818,293.924375,564.9031472226332,385.28583333333336,98298.70833333333,0.025404922760802178
195,10.4565762,26.467868411999998,290.02312500000005,629.035982378661,390.89145833333333,98533.37499999999,0.025805689425686115
196,16.994618568000003,37.458783126,289.560625,358.6635606035261,394.0195833333333,98034.83333333334,0.02533424689232121
197,11.14010532,31.989314772,287.5004166666667,319.8950524659483,382.1564583333334,98531.4375,0.02734147493417275
198,25.14912048,54.87331784399999,287.8651041666667,532.1348979873724,388.30354166666666,99103.8125,0.026950287719146947
199,21.471369299999996,50.63288378399999,289.65562500000004,736.1411036495776,393.909375,99660.22916666667,0.02675919174937745
200,12.431529,29.055884453999997,290.8183333333334,557.0924790245704,395.29333333333335,99524.70833333333,0.02641845651662227
201,12.985256879999998,28.850000903999995,293.21625,300.49559742689394,386.1387500000001,99220.75,0.02582181465015874
202,22.2528159,52.36701629399999,294.57979166666667,698.480981801041,385.8320833333333,99366.08333333334,0.026606221828216654
203,23.854397058,53.23183999199999,296.3891666666667,945.3906246492852,387.5570833333333,99039.20833333331,0.027070211779577073
204,11.858871419999998,28.405184579999997,291.3422916666667,443.85796491387805,385.42541666666665,98839.54166666666,0.027551305987676144
205,23.7873159,53.32282082999998,288.49145833333336,628.736371963214,386.19,99185.0,0.027151377580262204
206,21.170024117999997,45.708027966,289.54833333333335,702.1503264974845,380.1225,98962.85416666666,0.027850410500031064
207,12.574211400000001,30.914239086000002,292.05875000000003,560.1084155820661,375.8625,98485.37499999999,0.02690863319280987
208,18.652785299999998,47.835309546000005,293.29562500000003,400.7811062079079,385.22166666666664,97937.27083333333,0.026580839092873048
209,20.84953806,46.346927201999996,288.4120833333334,295.4287394510086,381.26375,98294.52083333333,0.02737562381363761
210,10.63950822,24.769828602,288.35583333333335,395.22079852277443,376.5722916666667,98710.47916666667,0.029134891871707584
211,22.611812939999997,49.030504452,288.4097916666667,350.8094449047005,385.660625,98822.33333333333,0.027913150217327078
212,14.833966140000001,41.261664402,289.3416666666667,487.088254842437,386.64395833333333,98966.20833333333,0.028788757196678234
213,13.685840279999999,31.196106252000003,290.9241666666667,390.8564418701733,380.2995833333334,99265.56249999999,0.03001489142382858
214,19.34760132,44.768612034,291.4433333333334,409.8492166963665,394.1374358974359,99410.16666666667,0.028774048054509314
215,19.746547200000002,45.542288322,291.89208333333335,687.9385364793277,390.97374999999994,99308.64583333334,0.02774007289813143
216,14.2543152,36.08864519399999,291.855,311.86249868845744,410.1690909090909,99164.8125,0.028023078410495134
217,12.418018199999999,32.020371882,290.7004166666667,211.62300333934604,394.526875,99136.89583333333,0.027389078903640198
218,19.6905852,47.195303184,291.01020833333337,455.07485651835873,386.07562499999995,99039.85416666667,0.02908406518014159
219,19.28227896,41.23042622999999,290.21083333333337,505.15768049081635,386.96125,99282.77083333334,0.028846332835982428
220,18.58921065,44.398209996,289.4245833333334,488.6531126184359,384.06625,99534.97916666667,0.028122495661705507
221,20.201955299999995,47.937703626,290.5372916666667,610.4493051139591,384.91354166666673,99550.97916666667,0.02867711734223319
222,20.81309274,50.332368779999996,292.2604166666667,737.85020340037,390.67833333333334,99444.16666666666,0.028905794804915202
223,18.432659700000002,41.693166846,293.62833333333333,716.0496242943116,386.35854166666667,98897.72916666667,0.0282310791681425
224,16.725375468000003,31.38613894799999,293.235,318.0372611925925,381.7085416666667,97960.0,0.028891984308818088
225,6.448707324,16.544040642,288.03520833333334,267.83967594091814,384.3929166666667,98287.52083333334,0.028140556837009736
226,8.31332466,20.129866974,284.885625,192.10082694743824,381.70020833333336,98603.08333333334,0.0274142473327206
227,20.784975839999998,47.332259351999994,287.62375000000003,532.0700767737683,380.32124999999996,98642.75000000001,0.02823882042181708
228,2.1915054179999993,7.098188723999999,288.08125,229.04152469678365,379.685,98394.0,0.022860005884509645
229,17.1467406,37.29069790199999,288.6479166666667,207.27952358196853,384.429375,98924.83333333333,0.026389636272997206
230,19.373654358,45.549089207999984,288.14250000000004,360.5097427484609,393.55145833333336,98835.33333333333,0.02883975817828828
231,21.297944339999994,47.66271548400001,289.7566666666667,556.7470263182715,398.68375,98538.43749999999,0.029825173105741367
232,9.405522539999998,23.586281603999996,291.0939583333334,207.78606106987627,400.6854166666667,98587.41666666667,0.030784344993017583
233,8.48674314,26.07862897799999,292.2216666666667,133.8735414408793,405.129375,98850.4375,0.025721147019111528
234,12.785578722000002,31.747880682,292.0129166666667,215.56908753927814,395.89708333333334,99036.66666666667,0.02770483292444421
235,8.07914664,24.915027527999996,292.56208333333336,256.5809433273605,400.34104166666674,99323.70833333333,0.02781087740004684
236,18.858348359999997,40.419008352,291.89270833333336,432.339307919518,395.07958333333335,99552.9375,0.02865619180740458
237,21.058019099999996,47.25256957199999,292.67937500000005,657.8257423328305,402.27,99391.29166666664,0.02956728653393453
238,13.644191160000002,35.378582868,295.1929166666667,507.2859389070841,395.471875,99072.54166666667,0.030863252213180755
239,13.055503859999998,33.981931116,290.01645833333333,437.18718751202164,383.47304347826093,99212.33333333331,0.0310834193146447
240,20.6263737,47.23045353,287.37416666666667,433.78461931820516,385.5272916666667,99368.16666666666,0.029771967171707152
241,14.62577148,35.965562868000006,288.68125000000003,439.079362287275,396.42333333333335,99468.33333333331,0.028846506192819466
242,13.994562420000001,32.29776277199999,295.54895833333336,756.1680243813514,385.3616666666666,98799.22916666664,0.029311513824750817
243,14.354925263999995,32.366255814,294.5004166666667,466.7418237250795,393.61000000000007,98695.33333333334,0.028865687689333546
244,9.722517120000001,23.656747895999995,293.2375,193.7827552873032,415.1104166666667,98549.56250000001,0.029058262742709163
245,2.197329066,9.533382479999998,292.26020833333337,200.9674713241584,404.605625,98412.08333333334,0.027887225395366706
246,16.763202899999996,39.28224281399999,290.476875,565.8812988051848,393.06937500000004,99025.20833333334,0.03129992276209344
247,17.61615558,39.799985364,293.3866666666667,674.3235766673117,401.369375,99087.27083333333,0.03120183514246379
248,13.29818796,29.184588414000004,294.9747916666667,464.9740910904111,401.74583333333334,98745.47916666666,0.030153299320741955
249,12.77432586,32.221088478,288.7860416666667,335.8629779022406,390.8077083333333,98923.70833333333,0.028877504887375394
250,16.976580299999995,43.394758884,287.14229166666667,471.1340965220768,389.63187500000004,99556.1875,0.030568112465975468
251,19.216422341999998,43.815623184,288.59270833333335,527.9034972932475,407.1675,99703.10416666666,0.031025205833347665
252,10.708246080000002,25.216996572,290.61083333333335,296.9344341330773,411.22344827586204,99312.14583333333,0.03013077563898556
253,3.8198141100000003,10.05509376,291.535,121.45038162556557,404.42541666666665,98415.375,0.026791204381569084
254,9.258830280000002,19.35382635,286.4829166666667,235.81968609146634,388.82625,98551.18750000001,0.028199634848950685
255,8.62370082,22.489427951999996,283.180625,256.611201239583,384.17041666666665,99854.89583333333,0.02879580705130423
256,4.223079000000001,12.931903115999997,281.6910416666667,114.66689623528066,385.9472916666667,99586.27083333333,0.02676628960912485
257,8.66986596,20.980031471999997,283.09239583333334,257.8577018887198,387.06166666666667,99888.68749999999,0.02924732218914567
258,5.224945463999999,13.851162863999999,284.61025,256.9984841159371,385.4322916666667,99354.75000000001,0.030237739322851998
259,12.596662439999998,32.62814049600001,283.78206250000005,300.0140226928347,387.1679166666666,99170.33333333334,0.031633676584374604
260,14.766155639999996,32.062277501999986,284.8007083333334,346.80233768271603,385.22791666666666,98903.83333333334,0.03149370570874178
261,14.417387100000001,31.704947316,281.9282291666667,228.14322776302424,387.855625,99456.87500000001,0.02917056290244239
262,15.735150899999997,33.769859417999996,280.804125,246.0973624011616,387.68645833333335,99792.66666666667,0.031407826513919664
263,5.9361761699999995,16.772243309999997,287.9351041666667,282.0792705337583,389.8531249999999,98535.33333333333,0.03136040029221351
264,10.337787899999999,22.994313389999995,288.11333333333334,132.58679158189875,394.5683333333333,97775.62499999999,0.029878512497737167
265,13.644420839999999,27.701679545999998,281.84058333333337,228.38150106726732,384.1620833333333,99157.6875,0.03151182261532035
266,16.06790862,35.330081562,285.73287500000004,329.70772271636906,389.69104166666665,99915.70833333333,0.033167173813160755
267,15.428245859999999,36.98705925,287.33408333333335,379.12588584147124,408.46250000000003,100477.70833333334,0.033774897797531706
268,15.443100899999996,36.699692706,287.7870833333334,406.15742107606025,410.15883720930236,100177.33333333336,0.034303413984558495
269,14.3848107,36.267559758000004,287.52083333333337,362.6152982071426,407.27062500000005,100014.45833333334,0.03434786278184092
270,14.0621958,36.14480411399999,287.3997916666667,420.9575821800581,403.72749999999996,99926.64583333336,0.03510520106840274
271,10.327721399999998,27.280423296,287.71312500000005,428.4417786629574,409.62541666666675,99452.72916666666,0.03589640356290167
272,13.413419999999999,33.074983061999994,288.92145833333336,428.44313563475066,404.92125000000004,98827.47916666664,0.03733368660190428
273,3.025205555744681,10.142635931234043,289.01255319148936,116.7925034182972,416.28687499999995,98723.2340425532,0.03190855017212327
274,-1.3447874215384614,0.034257134769230764,288.4292307692308,96.24278079995497,407.04624999999993,99279.0,0.033139707651356876
275,4.675418639999999,11.609890542000002,289.1522916666667,164.58351584059324,407.35645833333336,99136.29166666666,0.034370865130590476
276,7.5008114999999975,17.321644134,289.9329166666667,197.89947108310344,403.605,97807.08333333333,0.03993975610213862
277,7.84924236,18.260933598,282.17814583333336,185.25820025426162,397.4483333333333,97459.29166666667,0.03684352184894243
278,6.612356700000001,15.898699746000002,279.894625,225.69810843036146,395.1214583333333,97883.39583333334,0.03617659728083778
279,6.718050899999999,15.431788692000001,284.1470625,222.0048911532308,395.42687499999994,97962.02083333333,0.035489255389034316
280,11.403253206000002,26.769976901999996,284.5428541666667,286.2045953155082,400.38708333333335,98043.35416666667,0.04081003461450054
281,3.5707089599999997,12.04310682,281.264625,159.6457721132092,395.30625000000003,98160.56250000001,0.03785811973724568
282,6.436240379999999,17.533437984,279.69887500000004,231.3748624539304,392.9370833333333,98810.04166666666,0.041001168889753324
283,6.48343008,16.040585465999996,279.6834791666667,185.165286951501,393.7366666666667,99291.35416666669,0.0411703495112315
284,8.905774679999999,23.511920903999997,278.7758958333334,181.2206976120242,396.465,99531.64583333334,0.040887554016756235
285,12.815852039999994,29.949484337999994,279.1041666666667,258.0151841540247,399.9547916666667,99671.16666666667,0.045752988817286136
286,4.5593150399999995,10.85813307,283.4574375,140.0631171949044,413.7183333333334,99084.47916666667,0.04083265540601815
287,5.760109079999999,14.137815833999996,290.82250000000005,249.02903517292043,408.0664583333334,98383.83333333331,0.05151669271631285
288,1.8732889799999999,7.343156106,288.8854166666667,121.99509400747547,403.3876923076923,98325.72916666667,0.05306447505339198
289,4.393926899999999,12.834449585999998,286.6620833333334,66.57282323970003,407.25884615384615,97889.14583333333,0.058962844719533586
290,2.19925692,8.767402253999999,286.1670833333334,201.74371663513966,409.27000000000004,97326.06249999999,0.06072515878430232
291,3.965706756,10.783233198,280.14825,110.76949943707905,394.2479166666667,98118.125,0.05988060186992536
292,6.019330139999999,16.080224543999996,277.0527083333334,220.63378637216385,391.26916666666665,99149.45833333336,0.060602198516165204
293,-0.04836938399999998,2.4710332499999996,279.89825,60.16827272277908,413.19374999999997,98429.77083333334,0.0498961007505666
294,0.53352684,3.758157882,280.07914583333337,54.556530622133664,402.89187499999997,98916.12500000001,0.03647499820498494
295,10.641670199999997,26.015891922000005,278.93472916666667,175.46633867216883,392.73791666666665,99876.02083333333,0.068080346939873
296,10.350951479999999,25.894515096,279.9233541666667,159.00653612887902,397.1933333333333,99483.10416666667,0.06807843566347814
297,8.083249019999998,22.685244624000003,280.0503541666667,188.0274140769626,398.94025,98964.12500000001,0.0652269578981993
298,4.01905188,12.943943261999998,284.2606666666667,377.66780310835475,406.2789583333333,97928.52083333334,0.06647845209011238
299,4.643461673999999,11.737146024,281.8288125,342.4453126267489,399.46,98183.91666666666,0.06011074366437482
300,6.521519339999999,15.979684427999999,279.767625,200.88566163427447,405.128125,98718.43750000001,0.06519719514450978
301,2.29285782,6.848346743999999,285.06943750000005,170.2105829858324,407.6716666666666,98084.91666666667,0.054184718716982064
302,2.6129005199999993,7.863247943999999,279.586,182.78874898074014,401.5039583333333,98555.8125,0.050335661143944214
303,3.2160918599999992,10.076607666,277.64837500000004,74.13972110009081,395.623125,99112.52083333333,0.03908990357231598
304,0.9095313599999999,3.854859984,277.0516875,24.710161022507577,403.15270833333335,98917.39583333333,0.037635963070559095
305,3.0548726999999998,8.491157532,273.5478541666667,104.75861789783187,394.8220833333333,99712.97916666667,0.04368280468265371
306,9.13464054,22.13694675,273.90700000000004,197.13801317700973,395.6385416666667,99863.91666666669,0.056898404383612655
307,1.9562983200000001,8.167681782,279.2657916666667,479.13214443032695,402.5954166666667,99247.29166666667,0.04759019809716676
308,0.703673082,3.485375406,283.2764583333334,363.7337507057041,404.0075,98539.95833333333,0.040648288203362616
309,0.84229524,4.167223073999999,279.25039583333336,277.77850888649755,401.87791666666664,99015.35416666667,0.04163514909545253
310,0.4975610039999999,4.663975914,277.89925000000005,52.02353529853929,413.0445833333333,98544.58333333333,0.02157318087728014
311,3.7659603600000002,10.684157436,273.87543750000003,93.99247271750812,397.16041666666666,98797.45833333334,0.04996559412361696
312,0.74861226,3.1729334220000003,274.7207916666667,88.33846364841577,403.79416666666674,98181.1875,0.03201743575696118
313,3.17764404,8.607616776,275.3954375,159.01771557895916,400.01687499999997,98381.02083333336,0.04284424104802873
314,1.016814906,4.8720235679999995,277.46970833333336,117.08851577074188,407.2527083333334,98807.75000000001,0.040034924560118625
315,6.8480362800000005,17.028035172000003,282.4711666666667,301.5267766694461,412.535625,98059.375,0.05426285726255486
316,2.1663234,6.290688635999999,275.8131666666667,241.11127947903168,398.6914583333334,98900.27083333333,0.043236428909148125
317,3.8972986919999992,10.685910203999999,273.1221458333334,189.27535972856077,397.65979166666665,99127.64583333334,0.045521520087068855
318,2.294845542,4.476778776,270.060125,79.8636648225766,396.86583333333334,99311.20833333334,0.29425924172581897
319,3.8204438219999997,10.502627939999996,271.38004166666667,148.90124590884426,399.99000000000007,99770.0,0.12022724438241887
320,2.0851488,6.362360873999998,272.3254791666667,143.7741928712947,404.27854166666674,99167.45833333334,0.12172023456964323
321,1.2895635600000002,3.9362171220000004,271.5830833333334,41.60231476176659,408.78083333333325,97826.54166666667,0.23107354899616225
322,6.041222387999999,13.413497885999998,267.20970833333337,76.305922176759,399.57958333333335,97830.8125,0.11192902572915056
323,5.342949341999999,12.669477695999998,267.1841041666667,75.63325080280629,402.66708333333344,98468.81250000001,0.14445502868502783
324,6.6577194,14.398355483999998,267.8319583333334,95.40420799786443,400.21937499999996,98189.0,0.12421705464818347
325,5.293355399999999,11.711305026000002,266.8610625,80.36129854135368,401.42812499999997,99856.72916666666,0.16501046003922945
326,3.4320006179999996,8.444691018,273.65633333333335,155.68954893722508,405.26270833333336,98972.3125,0.12794239122509476
327,2.68667154,6.322431600000001,278.34306250000003,94.50255062971974,408.4214583333333,98482.125,0.11311217317084138
328,2.7902246039999996,6.93626634,282.3953541666667,190.56730499552327,401.78854166666673,96502.27083333334,0.03578039161627695
329,0.44573655599999995,2.616408216,274.8183333333334,173.94504170846392,404.26458333333335,98504.06249999999,0.036881185210282184
330,0.4425559199999999,4.198967639999999,272.86329166666667,108.9382473118838,401.13177777777776,99483.20833333333,0.03512361195524717
331,2.5317831599999994,8.814162888,270.87975,85.29913723929639,401.40562500000004,99238.68750000001,0.05063860262982696
332,4.0099798799999995,10.873399284,267.1947291666667,83.7049726968603,400.63437500000003,99616.625,0.12580112660930406
333,2.2143818879999997,6.246085355999999,272.1406666666667,112.78692797470853,410.37937500000004,98821.39583333333,0.1214294472091105
334,1.1508914339999998,4.502425392,278.675625,90.18387052199216,406.78687500000007,98185.66666666667,0.06363526212096308
335,3.46771404,8.557213536000003,271.3110833333334,177.1612953036867,400.4527083333334,100118.24999999999,0.050794406400097546
336,1.7227421999999997,5.065651872,266.16475,72.84079340425467,403.53541666666666,100336.54166666667,0.047384759960859786
337,1.6737389819999997,5.756800176,272.81697916666667,87.49136475222514,406.0956250000001,98899.43749999999,0.05181057894686946
338,2.7776822400000007,8.161646778,268.493375,125.22350166669986,402.7652083333333,100250.49999999999,0.052017507440334856
339,1.2209047199999996,5.363205785999999,271.13606250000004,103.51780031119631,410.23020833333334,100079.0625,0.04526428253670593
340,1.543329486,6.358678973999999,273.6433333333334,150.33486246281262,410.07729166666667,100156.4375,0.04612246682041728
341,4.888154699999999,13.491757133999998,268.11829166666666,154.59554694182225,403.2889583333333,101275.20833333334,0.06292230193357408
342,3.42199737,8.290992024,271.56627083333336,147.77944048395784,405.10229166666664,100055.12500000001,0.050169762893984914
343,-0.41295884400000005,1.9413657719999997,274.13064583333335,57.80852616066318,410.4939583333333,99424.3125,0.038770730938796016
344,3.772424700000001,8.069849298,269.5797708333334,70.27683182445872,402.89916666666664,99289.54166666667,0.05198558194933964
345,-0.05903279999999998,1.617853896,269.161625,23.48745324438795,400.9175,98476.0,0.16082299560132837
346,2.9600136,10.05744996,271.8336666666667,65.24503458256402,402.06187500000004,99190.64583333333,0.11723515868231076
347,0.6823571400000001,4.954150385999999,273.9707291666667,41.05554036192086,406.2327083333333,99021.6875,0.13679982220870757
348,-0.48190824000000004,2.075496354,274.66037500000004,20.223960909662765,411.91555555555556,98932.89583333331,0.13874440850981137
349,0.05412704400000002,2.70496683,274.70733333333334,2.555073613688023,411.91555555555556,99073.625,0.0631532919758576
350,-0.28603332,1.8091101420000004,274.57908333333336,-0.533517776843837,411.91555555555556,98335.87499999999,0.021687803903760332
351,0.6081455339999999,4.098562577999999,273.96781250000004,24.773371070594294,411.91555555555556,98441.20833333333,0.10435785665342111
352,0.828017964,3.57035427,270.38952083333334,38.145309954230356,411.91555555555556,99242.27083333334,0.13520797755456349
353,2.821763573999999,8.506832256,268.8926875,52.489456047015096,411.91555555555556,99652.64583333334,0.12802795720249827
354,3.5255210400000005,12.618475973999999,268.6214166666667,58.22960751910625,411.91555555555556,99884.0,0.10640282794582119
355,1.1929810319999998,6.355487087999999,271.3030625,111.74498818601285,411.91555555555556,99915.81250000001,0.12437602138984946
356,0.8120966399999999,3.9445280279999997,271.85825,94.30185203312908,411.91555555555556,99483.12500000001,0.13241739044375225
357,0.7491977459999999,3.8022550020000003,273.22752083333336,20.249103292204268,411.91555555555556,98790.52083333333,0.1267670031984877
358,0.122681412,2.6292187439999997,276.1306875,6.767959945398388,411.91555555555556,97368.95833333334,0.11367917815209368
359,1.773098946,5.379696216,275.84281250000004,131.02492665446994,411.91555555555556,97937.85416666667,0.11577589607152641
360,1.2929932799999997,5.844316427999999,275.59643750000004,137.28418357263126,411.91555555555556,99323.60416666666,0.11560426926288257
361,0.8411612399999998,3.6964052459999994,277.495625,91.63142766302713,411.91555555555556,98887.625,0.10893529610578852
362,1.0242916199999998,4.212133290000001,273.70683333333335,157.16995178677996,411.91555555555556,98923.97916666666,0.10722510682941849
363,2.499117642,6.2452303559999995,268.7507916666667,68.17235802301087,411.91555555555556,99770.04166666666,0.15495934222350083
364,2.8334888999999994,3.903215813999999,265.00697916666667,49.462407126202436,411.91555555555556,100218.10416666664,0.32680528230714945
365,6.2067727326315785,15.705565495578949,264.0101891891892,80.34989627726046,411.91555555555556,99643.84210526316,0.11802887354239398
