DOY,SW,TA,VPD,PA,PAR,CA,ALB
1,10.380458879999999,298.58200000000005,818.6,98531.2,29.5922988,398.20775,0.02815985353598011
2,13.366373759999998,297.913,765.16,98511.0,30.550647772339197,402.94075000000004,0.028239556526255812
3,11.75568768,298.26460000000003,766.6,98519.2,28.622880000014405,405.29575,0.028819741409654962
4,13.3706592,298.2972,801.7199999999999,98506.2,29.646233999971198,399.372,0.02888055528409199
5,13.645445760000001,298.4422,789.2,98510.0,32.406448021286394,396.81725,0.029581057429338933
6,12.607176959999999,298.1994,734.36,98492.0,27.748116,400.4395,0.024022712028459445
7,14.179484159999998,298.3388,758.62,98499.2,31.4735669042616,397.11325,0.027955976149442115
8,13.4629344,298.33160000000004,815.66,98513.2,26.978057138296798,401.875,0.03031340010167144
9,14.655202560000003,298.3774,807.48,98535.4,31.2128824500072,397.42525,0.027517676439389585
10,12.028988159999999,297.9392,687.9399999999999,98580.0,26.791687867010396,398.55325,0.024204969960045567
11,14.722197119999999,298.5388,780.98,98549.4,30.633660599990396,399.83275,0.029304450804003013
12,11.93548608,297.60980000000006,676.9399999999999,98558.2,25.6037420869344,401.2795,0.02930197458843361
13,11.7662976,297.80820000000006,716.7,98576.8,27.007074,399.82675,0.02825928495622681
14,13.28145984,298.2092,817.0600000000001,98541.8,30.693592695628798,396.79200000000003,0.027947192071694715
15,13.025473920000001,297.68980000000005,786.08,98506.6,24.352694313839994,396.62800000000004,0.028747605934315582
16,13.95531072,297.5466,818.2400000000001,98518.4,30.125168263814402,398.87175,0.026197549041935605
17,14.6444544,298.22880000000004,778.9,98583.2,33.9959707659576,396.88124999999997,0.025624624929794435
18,15.036053759999998,298.2632,831.74,98596.6,29.8955136829968,401.4525,0.027609962108507864
19,9.84356928,297.5732,770.9199999999998,98639.2,19.47747401671176,397.625,0.03266623237502983
20,13.753203840000001,298.1866,861.5600000000001,98612.0,29.5442912739096,400.40599999999995,0.028553833806887925
21,18.08526528,299.03560000000004,945.5400000000002,98576.4,37.22667778722239,396.898,0.028392142825003405
22,14.285220480000001,298.69120000000004,879.2,98616.6,29.621234345752804,399.5845,0.030809587114010804
23,12.049672320000003,298.1674,846.22,98617.6,25.895259130435196,396.33025,0.031989968810270566
24,13.088943359999998,298.4562,794.24,98580.0,32.137434000000006,398.7165,0.026392018078636142
25,14.37422976,298.3204,762.3,98572.6,32.0178388408704,400.67199999999997,0.028579387246159698
26,16.865573759999997,299.15560000000005,863.7,98563.6,34.7180161764816,397.77425,0.026565704122238153
27,14.591975040000003,298.9498,964.26,98549.8,29.138901177261598,400.85125000000005,0.031044254989483017
28,13.25199744,298.04820000000007,874.7400000000001,98524.8,25.980929521271996,398.52750000000003,0.03195754021499651
29,15.128484480000001,298.4118,851.0200000000001,98503.6,30.712076508780005,396.83475,0.02917336441717973
30,14.563290239999997,298.18,814.72,98550.8,31.5016995471768,397.95300000000003,0.024948084551879787
31,13.188890879999999,297.8312000000001,764.72,98613.2,27.0237314934864,397.7955,0.02626358244308039
32,14.325465600000001,298.1638000000001,806.9,98594.2,26.2229519960784,394.81975,0.025730861956221332
33,13.10948928,298.329,822.5,98564.4,26.6541622084944,399.66325,0.027410878431859204
34,13.87606464,298.0308,854.6200000000001,98568.8,30.6093571304544,396.35925000000003,0.02919627799400612
35,15.147146879999998,298.45820000000003,850.1600000000001,98597.4,37.048259611065596,395.88050000000004,0.028571111507845397
36,14.81697792,298.5136,858.6200000000001,98597.8,35.589344464972804,396.76324999999997,0.026603874221440716
37,15.793850879999999,298.4198,908.64,98580.4,42.329068799976,396.44025,0.02448002824953682
38,13.888437119999997,297.8968,761.4,98617.8,29.212645599993596,399.00449999999995,0.030813535765490452
39,12.62767104,297.9126,765.68,98614.8,31.872271114915204,396.78974999999997,0.026875720835236715
40,13.790373120000002,298.10740000000004,814.46,98582.8,35.29238919520319,395.14175,0.026621782785873717
41,12.511082879999998,297.36600000000004,707.04,98568.8,27.723609413668797,395.46475,0.029397983087435246
42,12.355234559999996,297.84540000000004,735.9599999999999,98603.8,28.6800735041568,399.35675,0.029724273948532876
43,13.517400959999998,297.51000000000005,709.9399999999999,98606.6,28.448327415801597,400.66999999999996,0.02906310794459559
44,13.086437759999999,297.8684,753.4799999999999,98594.4,26.515860465952798,399.28475,0.026451409081781386
45,14.25121344,297.79920000000004,737.4200000000001,98605.2,30.90219276384,391.63424999999995,0.023485537273896143
46,12.899658239999999,297.3654,670.94,98619.6,27.3485262330648,392.34749999999997,0.026338901782205635
47,12.05915904,297.3226,720.76,98661.4,25.594616364501597,397.79024999999996,0.028486537544318676
48,14.3385984,297.80420000000004,740.8399999999999,98625.0,33.8107680116784,397.32700000000006,0.025448578976401404
49,12.54806208,297.2964,702.4400000000002,98613.0,24.3671950956312,397.36325000000005,0.030806795655137047
50,15.454195200000001,297.87960000000004,715.72,98563.2,32.5499929176744,394.60775,0.02551908389355837
51,11.55796992,297.5864,693.32,98565.2,22.3228646617176,394.42224999999996,0.02730504593813816
52,13.520338559999999,297.69360000000006,729.56,98568.6,29.043504541151997,396.91125,0.026193353544220508
53,13.70495808,297.68080000000003,754.38,98627.6,31.670378138289596,394.976,0.02700630018990836
54,14.3312544,297.6532000000001,708.9,98629.4,30.066409227261595,394.18899999999996,0.025180259946557298
55,17.47668096,298.24980000000005,813.56,98573.0,38.8978529361696,396.22075000000007,0.023100680050213714
56,13.105048319999998,297.39340000000004,662.66,98565.4,26.085419590916878,398.7335,0.029223518237011175
57,16.020927359999998,297.92600000000004,783.0,98568.2,37.239329034792,396.3375,0.0235779964010104
58,14.350728959999998,297.90760000000006,718.7,98526.0,28.9383637978656,393.09125,0.025581650419266674
59,11.42256384,297.4826,643.7,98548.0,27.802522215950404,399.93175,0.02354482460278552
60,11.657053439999999,297.60980000000006,676.1999999999999,98587.0,24.169306540910398,394.33125,0.026346823288759112
61,11.706042239999999,297.774,690.24,98587.4,26.5508069088312,393.4295,0.024545901433403673
62,13.935715199999999,297.80060000000003,684.26,98598.2,30.6022615851096,396.09349999999995,0.023322001807456805
63,14.75070912,297.89760000000007,690.5400000000001,98605.4,33.646761195681606,397.08975,0.024643613761591437
64,9.09726336,296.9196,657.8399999999999,98647.8,21.936667659551997,397.9385,0.030081141321966695
65,13.69381248,297.5412,661.1,98652.4,27.670428957455997,397.99949999999995,0.024149103945713866
66,14.849205119999999,297.97040000000004,754.22,98641.4,36.45671883884639,395.18175,0.02450692296115498
67,13.417747199999999,297.6794,749.1,98602.6,29.4625651595832,397.74850000000004,0.03022709724879877
68,16.18831872,297.9524,776.78,98609.0,35.3019260454696,394.1627500000001,0.027091908118856454
69,13.474131840000002,297.9268,711.0,98597.6,27.715607999978396,396.27225,0.025007169573609073
70,14.082560639999997,297.9682,784.8399999999999,98617.4,29.593332000007194,401.14025000000004,0.026925421006249863
71,11.005407359999998,297.5780000000001,680.1800000000001,98647.0,20.747460791498398,396.376,0.03573196713083207
72,13.922876160000001,298.0108,788.0199999999999,98542.4,26.89902939383136,397.81325,0.031148981161619568
73,15.701938559999999,298.244,780.8399999999999,98556.6,35.137452599999996,395.64875,0.02415525136845009
74,12.326307839999998,297.7734,665.1200000000001,98592.2,27.714286174463997,404.8785,0.024574283426138276
75,10.73348928,297.6566,671.26,98558.0,28.82079,399.07050000000004,0.02404016683789389
76,11.76297984,297.93739999999997,701.9,98501.8,27.882782764099193,399.26824999999997,0.024540602839408537
77,15.008906880000001,298.28900000000004,737.5000000000001,98492.6,35.7022015999776,403.5585,0.02289491252576202
78,14.62494528,298.6598,796.8799999999999,98523.4,38.7803099999808,404.31450000000007,0.023483854250377342
79,13.068259199999996,298.2106,681.8,98510.6,24.159116259561596,400.10175,0.026975903961020235
80,12.4825536,297.76599999999996,675.1200000000001,98501.4,24.7808939999904,398.857,0.026449982414936193
81,13.752443519999996,298.096,701.08,98513.8,31.082909999990402,404.58425,0.025503627973475225
82,13.8017088,298.398,743.0599999999998,98528.6,32.304355143407996,400.59549999999996,0.02542662915060666
83,14.1624288,297.8928,707.0400000000001,98551.4,28.991430344678395,399.59475000000003,0.024391828605685187
84,15.35020416,298.2166000000001,749.8799999999999,98550.4,37.0597212,399.533,0.023199447152797252
85,9.337679999999999,297.7806,650.46,98525.0,27.9356391999936,401.12375,0.024824544275875916
86,11.6165664,297.766,660.8,98549.2,32.0673245106528,401.725,0.0233699758690797
87,10.2551616,297.688,611.4799999999999,98576.6,26.8168169999808,395.54299999999995,0.024750845710002762
88,13.996056959999999,297.89760000000007,686.42,98556.2,33.9545225999808,397.048,0.02346298928672277
89,12.90408192,298.12540000000007,663.5800000000002,98580.4,31.3896729767328,395.5833333333333,0.025219085496629205
90,11.651160959999997,297.776,619.5,98577.8,21.073684593326398,398.028,0.028106467748464804
91,11.71103616,297.633,592.28,98609.4,20.6109915535008,399.0903333333333,0.02821839018116938
92,10.197550080000001,297.98900000000003,631.28,98602.8,24.784481200000318,394.92766666666665,0.025712733770997632
93,14.183423999999999,298.08219999999994,646.52,98588.2,33.205621558435205,396.85099999999994,0.025344662737927418
94,12.15376704,297.83820000000003,605.1600000000001,98613.2,21.8894687921664,398.71033333333327,0.027354536731746197
95,13.667806080000002,297.985,653.3399999999999,98621.8,30.800939051664,398.01500000000004,0.024445332615898242
96,15.623159039999999,298.27920000000006,758.88,98576.0,38.18574573914879,400.1703333333333,0.022920097174946877
97,15.148373760000002,298.77440000000007,802.1200000000001,98499.4,38.4442963636608,392.8633333333333,0.02304359799960199
98,12.307178879999999,298.33140000000003,702.3,98529.8,27.6662471489568,397.09833333333336,0.024726958041193212
99,14.10187968,298.3586,733.46,98560.2,30.5052780000096,397.8786666666667,0.025584852976334203
100,14.009207039999998,298.096,669.26,98533.8,35.015490800006404,393.893,0.024870625056553103
101,13.3335936,298.51540000000006,750.8199999999999,98548.0,38.960181000014394,398.4213333333333,0.02423381965297058
102,11.70770112,298.2704,694.52,98583.4,31.327389599990397,396.1266666666667,0.022142170441175495
103,12.238801919999998,297.9078,679.3399999999999,98620.6,26.647099199999996,398.1466666666667,0.02562950433575269
104,9.80187264,297.7780000000001,617.38,98663.8,19.158201,392.51099999999997,0.02609712342876954
105,12.371581439999998,297.9732,676.72,98646.4,32.4872004260736,399.83200000000005,0.023223246757971994
106,15.76387008,298.0964,700.38,98648.2,39.9056880000096,398.58933333333334,0.02212496624541052
107,15.19345728,298.403,752.92,98596.8,33.8567234042592,399.3876666666667,0.02293133278785633
108,12.478596480000002,298.24920000000003,712.0600000000001,98602.2,37.3692348000288,395.60066666666665,0.020510696915190176
109,13.3549344,298.20140000000004,712.18,98550.2,29.722206000009596,398.8476666666666,0.02379344896163776
110,11.81369664,297.8392,672.4,98544.4,26.197296000019197,398.2683333333334,0.02414607980913146
111,15.920323200000002,298.6736,751.9800000000001,98499.8,37.9307326402944,398.10533333333336,0.02251710521837479
112,11.084065919999999,298.24899999999997,723.4599999999999,98528.0,23.6690530540704,400.4936666666667,0.02846156566353879
113,13.655070719999998,298.29380000000003,702.1400000000001,98559.0,32.6989149957216,401.46999999999997,0.024138342208120164
114,10.28277504,297.82860000000005,674.6600000000001,98602.6,24.064775999999995,401.88366666666667,0.026759526039224137
115,12.97247616,298.11980000000005,736.12,98651.2,33.5182080000096,401.77400000000006,0.02465861540094038
116,14.21568576,298.10080000000005,687.5200000000001,98649.2,28.456272,403.32933333333335,0.02068689812917672
117,14.11774272,298.25300000000004,711.4,98637.4,35.083475181792,403.20700000000005,0.020761825794788292
118,13.293002879999998,298.40520000000004,676.7,98651.6,34.340210999971205,405.049,0.021073603770249135
119,13.799358719999997,298.3402000000001,683.5200000000001,98677.4,32.9585789999808,396.52299999999997,0.020453506466290083
120,14.5171872,298.36680000000007,705.72,98647.0,34.8569279999856,399.4303333333333,0.021145150829180604
121,13.523086080000002,298.21560000000005,689.1,98605.6,36.2668512558384,399.067,0.019583850690251627
122,13.401313919999998,298.5022,782.0999999999999,98585.2,38.264390000020796,402.1403333333333,0.024452343288346463
123,13.981697279999997,298.747,772.66,98574.4,29.503476000028797,402.828,0.030855686292565375
124,13.1334048,298.5942,750.96,98584.4,27.5707416774528,401.23466666666667,0.02976472562437909
125,14.15624256,298.541,735.1,98610.0,37.074964928745594,400.98966666666666,0.02473122864837685
126,11.7739008,298.46520000000004,729.8399999999999,98612.4,28.4367950830656,400.8113333333333,0.023949660503200278
127,10.421326079999998,298.15860000000004,661.4,98636.6,26.4120799701024,403.546,0.023657053920305295
128,11.761476479999999,298.4072,753.38,98639.8,30.651786243719997,403.695,0.02563996926297015
129,14.31148608,298.6826,794.26,98635.6,38.52626400001439,401.30600000000004,0.026211853573405372
130,11.799198719999998,298.17420000000004,693.78,98685.8,27.869382000028804,400.9413333333334,0.02244549233274198
131,13.54655232,298.351,671.18,98675.4,29.9839800000096,395.95599999999996,0.02330504489396592
132,13.19246784,298.6686000000001,729.86,98636.8,27.969508999987198,399.7386666666667,0.023995473070338245
133,17.24571648,299.2268,864.0600000000001,98567.6,37.191768000019195,395.88366666666667,0.02286858594237158
134,16.56766656,299.4,853.54,98546.8,36.438396000019196,394.157,0.023439890164200592
135,14.39365248,298.75020000000006,782.28,98547.8,33.3625669676064,399.7136666666667,0.02209740038037548
136,14.2399296,298.7124,763.9200000000001,98552.6,31.266510000019196,399.64733333333334,0.02299521116998983
137,12.875258879999999,298.77080000000007,771.0000000000001,98596.2,33.679772666668796,401.56666666666666,0.023079565917072054
138,14.095036799999999,299.14580000000007,833.3799999999999,98603.4,32.375043000014394,395.0863333333334,0.025293677602163982
139,13.449853440000002,298.96380000000005,801.6200000000001,98641.8,32.380754170204796,391.08500000000004,0.023641244406522804
140,13.697855999999998,298.66780000000006,779.0000000000001,98668.2,37.597474212768,393.14799999999997,0.022614721275913564
141,15.1909344,299.03340000000003,802.5200000000001,98643.0,34.9737627446784,399.375,0.023162863409231065
142,12.91737024,298.564,756.7199999999999,98664.4,33.7302594545184,398.29733333333337,0.02272671519276653
143,11.96785152,298.2654,697.3,98682.4,25.524005999990397,400.2556666666667,0.024177728147296317
144,14.007461759999998,298.18100000000004,688.6,98688.8,32.4579066399936,399.4026666666666,0.024060935557610987
145,14.25705408,298.3414000000001,715.54,98647.2,21.624233015186785,399.17800000000005,0.026418978904084567
146,14.900820479999998,298.409,754.4599999999999,98637.8,29.6651460000096,400.9003333333333,0.024329784185106337
147,15.28168896,298.466,796.44,98651.2,29.995743295929604,395.171,0.024368719524852527
148,15.46865856,298.60020000000003,791.8000000000002,98652.0,40.907746799985595,395.9416666666666,0.021135569814913602
149,15.675413759999998,298.71000000000004,798.88,98657.0,37.70309448,398.0683333333333,0.022190577498745406
150,14.038392960000001,298.56160000000006,800.76,98704.8,35.54873269562879,398.0243333333333,0.023024501412182628
151,15.036831359999999,298.46760000000006,819.6200000000001,98703.4,40.7167808936112,399.0040000000001,0.023623574331996917
152,15.26354496,298.2228,796.28,98688.0,36.316053,395.2196666666666,0.025876383097019492
153,10.741178879999998,297.48480000000006,660.88,98705.0,20.4665168697984,398.62033333333335,0.02389238985366838
154,15.491364480000001,298.05039999999997,793.7,98730.8,34.737096599999994,399.72133333333335,0.022445744645216203
155,16.3106784,298.5156,847.4599999999998,98706.6,36.224668595750394,400.355,0.02260580480035425
156,13.26564864,298.37160000000006,756.9200000000001,98677.6,27.6375471574752,395.7386666666667,0.023929084144889222
157,13.959440640000002,298.01860000000005,758.0200000000001,98705.2,27.5281439999904,397.818,0.02373019455166363
158,13.087681919999998,297.6308,711.24,98749.0,27.6935520000096,400.3376666666666,0.023404148373591633
159,14.11731072,297.9752,801.26,98761.6,29.7855032936256,399.4376666666667,0.02440015845414626
160,17.029008,298.739,887.4400000000002,98755.6,36.378432000000004,392.038,0.02203536425099355
161,15.319428479999996,298.53060000000005,817.76,98714.4,32.36563636364159,389.5933333333333,0.02240038761646233
162,14.374333440000001,298.2242,790.1400000000001,98693.2,30.3266710212768,397.5883333333333,0.02378797196352096
163,14.459713919999999,298.32800000000003,799.9399999999999,98701.6,26.6000999999904,396.49066666666675,0.02384855696035327
164,13.954999679999997,298.1236,802.16,98710.2,28.214754453648,390.4676666666667,0.024888680181631078
165,15.29108928,298.3166,774.24,98719.2,40.1352791999904,394.47900000000004,0.023433787399695597
166,13.464230399999996,298.0402,743.0600000000001,98708.4,28.7582859,394.26825,0.02231482092609699
167,15.25490496,298.31980000000004,837.0,98679.8,41.36090855336639,392.9395,0.022781694072333224
168,16.28748864,298.4662,842.3799999999999,98716.6,40.061871199987195,394.19274999999993,0.02272013738074229
169,16.068464639999995,298.918,961.2,98747.0,38.7877325999904,391.99,0.022675122804142918
170,13.733055359999998,298.28860000000003,874.9800000000001,98801.8,33.125440340448,392.35299999999995,0.022584514871683243
171,10.92721536,297.6574,779.9399999999999,98819.8,21.248669142864,392.26175,0.024565397319262168
172,13.412787839999998,297.896,767.58,98806.6,28.307493927273597,394.09799999999996,0.022099377698609146
173,15.183020159999998,298.159,794.86,98782.0,32.655487748832,392.53175,0.022739339317231894
174,14.40758016,297.9040000000001,804.64,98817.8,30.340062,391.3575,0.02369372007776649
175,12.957684480000001,298.1134,783.24,98811.0,28.4125919999904,393.51625,0.02331026648005869
176,16.40791296,298.72740000000005,905.3,98780.2,36.25668230771519,390.4395,0.023686294687693468
177,16.055366400000004,298.6508,886.6199999999999,98756.6,40.724078386694394,392.4005000000001,0.022854674330453878
178,15.91189056,298.49240000000003,872.82,98726.2,35.7628505999904,395.56149999999997,0.02339662487643601
179,15.34477824,298.7182,971.4200000000001,98726.6,40.21030199998079,394.892,0.02278611585658674
180,15.872353919999998,299.24320000000006,987.82,98683.8,38.86774199999999,393.7015,0.023547725000298707
181,16.70592384,299.34680000000003,974.8399999999999,98727.2,37.1303390776536,393.34975000000003,0.025429683937440092
182,14.02878528,298.40020000000004,762.76,98723.6,27.736793771205598,394.43375000000003,0.02625620274424737
183,15.375329279999997,298.17400000000004,791.9200000000001,98745.2,34.769985414897604,394.0535,0.02619293565912409
184,15.77140416,298.56440000000003,856.1600000000001,98711.8,37.2356814670056,393.0855,0.024971391131374567
185,17.42707008,299.08140000000003,971.96,98662.2,40.20724609845119,390.15999999999997,0.024312653261158702
186,15.15583872,298.8054,918.8199999999999,98663.2,33.590470021279195,390.46875,0.02504017785650362
187,18.27366912,299.45740000000006,1018.5,98710.4,38.0911828820544,389.64775,0.025412034479770022
188,16.471382400000003,299.12620000000004,912.5,98689.8,34.557617556374396,389.907,0.02514785782829342
189,16.981436159999998,299.158,934.78,98677.4,37.8145577585232,391.02824999999996,0.025321811062069318
190,16.95491136,299.466,975.68,98661.0,38.320158127651204,390.28950000000003,0.025949065399236883
191,13.546033920000003,298.616,894.5400000000002,98715.4,30.8052079411824,392.05125,0.02440340802536551
192,16.770274559999997,298.9036,941.7,98756.0,39.235423505320796,390.18000000000006,0.025240837951262345
193,16.7588352,298.92400000000004,940.2999999999998,98749.0,45.7596009230688,389.303,0.023320955132304342
194,14.55458112,298.6016000000001,868.9,98719.2,36.141516000014406,392.35875,0.02535308701493415
195,15.957077759999999,298.44680000000005,796.0800000000002,98709.0,29.942479392868798,391.6495,0.025499635281810998
196,17.36273664,299.0754,926.7599999999999,98757.8,36.3884896956384,390.155,0.02552655360046033
197,16.263659519999997,298.6528,886.5600000000001,98805.4,36.7535824084944,392.75,0.024764718132204672
198,16.129065599999997,298.6282,858.5,98803.6,36.118283249987996,392.544,0.025177646005610916
199,16.49429568,299.012,950.7800000000001,98813.6,37.059505439363996,390.40075,0.025238572673564847
200,17.03068416,299.2024,999.6600000000001,98754.8,41.409187772723996,387.1395,0.025559087342391915
201,16.62047424,299.52700000000004,992.4799999999999,98715.0,39.4821542608704,387.7965,0.023382158782452617
202,16.84573632,299.1116,1030.8600000000001,98696.0,42.226212000009596,392.83325,0.024013946597881187
203,18.36003456,298.9678,1026.22,98703.4,42.3565320000096,391.2335,0.024058201932084734
204,16.57824192,299.2982,973.5600000000001,98714.8,38.7562656000096,389.47575,0.024421671834109978
205,17.32636224,299.3048,963.22,98753.0,42.4343724995592,392.066,0.024839040697571972
206,16.92449856,299.456,981.28,98757.8,36.633954857155196,391.24800000000005,0.025513679556372886
207,17.915644800000003,299.28740000000005,979.4200000000001,98792.8,37.9240403936256,388.89300000000003,0.02633598243583656
208,18.37928448,299.8706000000001,1097.9599999999998,98802.2,38.982647010650396,392.08275,0.02602097332712523
209,16.2586656,299.2902,1007.7800000000001,98756.2,33.673651239132,392.70475,0.026259846630318
210,18.85171968,299.5268,1073.3,98750.6,39.9955839702264,392.17925,0.024573476493892146
211,19.028736000000002,299.6804,1098.9,98739.4,41.012020819144794,392.8735,0.025203499774018555
212,17.80183872,299.9286,1056.5,98753.8,36.6816264893712,393.2795,0.025437616923438752
213,19.03084416,299.96220000000005,1089.78,98783.6,40.391588243757596,392.39475000000004,0.02495000213120651
214,19.923408000000002,300.1068,1226.3,98768.0,42.7656250851192,393.233,0.024706225216872334
215,17.928241919999998,299.554,1129.8799999999999,98731.4,38.9182702021272,392.5,0.025072165779006964
216,18.92640384,299.66200000000003,1166.62,98714.4,40.9551762159576,391.56425,0.025761143986415908
217,20.9642688,300.0414,1258.5200000000002,98706.2,44.8036565744664,390.6555,0.0250680867561171
218,20.780755199999998,300.23359999999997,1220.1200000000001,98745.6,44.877160531915194,391.62675,0.025304850788304016
219,18.718801919999997,299.6652,1081.14,98748.6,40.4036224468056,392.7395,0.025299293669033482
220,16.676150399999997,299.4688,1078.1200000000001,98819.8,40.823790154466394,390.9825,0.025832415422317425
221,17.360628479999995,299.5964,1042.5800000000002,98826.4,38.671925549392796,388.42,0.02549639239034668
222,17.31746304,299.1206,1008.8399999999999,98837.2,39.546543159576,391.23224999999996,0.02583537137612395
223,15.5869056,299.0044,965.9599999999998,98807.0,38.07260867390399,392.63675,0.02610528466142252
224,16.145239679999996,299.4204000000001,988.2000000000002,98789.8,37.0476032809176,393.9535,0.026301731843791257
225,20.30790528,299.5924,1096.1,98788.4,43.850533304376,392.164,0.02591658827733228
226,18.69889536,299.59340000000003,1051.1399999999999,98782.0,40.3702437446712,392.06600000000003,0.025384070459955707
227,18.60423552,299.6426,1082.1200000000001,98785.0,43.100797978728,389.949,0.026225651728746927
228,19.40391936,299.58600000000007,1052.7999999999997,98757.2,45.7264547999784,389.8705,0.026198191074264646
229,18.56115648,299.61379999999997,1114.6200000000001,98719.2,38.8958812510464,389.30400000000003,0.024464867220070092
230,15.58441728,298.79920000000004,947.8399999999999,98740.0,32.7281684361696,392.6275,0.027120462796387707
231,18.759444479999996,299.39700000000005,972.0,98769.8,38.028169200002395,388.83525,0.02877583483006727
232,19.74919104,299.7688,1040.76,98737.8,43.3039321625256,392.18625,0.02722734635373017
233,16.96807872,299.73440000000005,1040.1399999999999,98711.4,34.342462589371195,395.1065,0.02621234432633115
234,19.81158912,300.083,1082.76,98667.0,42.426072391305595,394.38675,0.025905629922559455
235,18.59326272,299.67660000000006,1000.9799999999999,98660.6,41.6789879999904,394.333,0.026976643482808624
236,18.85246272,299.892,1050.5,98652.6,40.29274584,395.1295,0.025979949446900234
237,19.27236672,299.72,1032.48,98644.8,40.883584618612794,395.67425000000003,0.0263351516248306
238,19.35159552,299.45580000000007,1029.18,98638.0,43.350975957456,397.04625,0.026695690663418082
239,18.915863039999998,299.6798,1064.3,98623.8,42.350405074452,397.68975,0.027462381952588426
240,20.60468928,300.1958000000001,1184.7,98597.6,43.5124575,393.89549999999997,0.028663616620611235
241,18.76561344,299.649,1009.0199999999999,98614.6,42.0254793000072,397.95300000000003,0.02585692872933791
242,18.3147264,299.2478,950.0799999999999,98644.6,39.57294223785599,397.41175,0.026016231106171368
243,19.86479424,299.447,1009.2,98651.0,41.3311594468032,395.69175,0.024865710327332292
244,19.10998656,299.53700000000003,1013.5200000000001,98636.8,41.367829500007204,396.96299999999997,0.025650111393468567
245,18.970761599999996,299.557,1013.0600000000001,98640.4,44.6120434467936,393.65225000000004,0.025188489770463635
246,19.39579776,300.0144,1106.06,98672.2,41.118655950007195,394.01800000000003,0.02553603652017581
247,18.15217344,299.53599999999994,945.9800000000001,98654.0,38.9038846500144,397.26550000000003,0.025016298725813534
248,17.98115328,299.4882,957.0600000000001,98619.2,40.26284948275921,397.33275000000003,0.025594806236304626
249,18.70822656,299.2264,917.3799999999999,98586.2,39.9026551304016,397.5435,0.023649253337015178
250,18.951667200000003,299.40160000000003,930.9,98549.2,47.52358980001919,399.339,0.02469538191326999
251,20.7160416,300.0092,1044.1799999999998,98557.4,42.8243466000096,398.0085,0.025698239320969665
252,19.64257344,299.87480000000005,1000.54,98582.2,39.532032490910396,396.04575,0.026825141535897646
253,17.700802560000003,299.3858,993.0600000000001,98562.0,37.81660538298959,398.95349999999996,0.026004528699529114
254,18.498758399999996,299.60220000000004,1014.2999999999998,98601.2,38.51109000001439,400.73275,0.02855146400692551
255,19.75041792,299.5966,1091.04,98670.8,42.585130819152,395.90225,0.027983443447942184
256,19.12070016,299.6188,1065.48,98651.0,42.01352222727599,394.9355,0.0264877701079849
257,19.07663616,299.7486,1086.76,98617.8,40.288891200011996,396.52624999999995,0.02460843970809544
258,18.92320704,300.26980000000003,1244.1000000000004,98664.4,41.3562105,392.56874999999997,0.02464815774164782
259,17.63050752,299.6388,1123.1000000000001,98663.4,34.9532190587016,394.9405,0.03180187776502699
260,18.25438464,299.4398,1026.74,98631.00000000001,38.639546042544,394.7455,0.02655576892051815
261,17.49947328,299.4978,1009.0799999999999,98602.6,35.6138459999856,397.033,0.02421824125048299
262,19.6859808,299.46080000000006,1042.62,98585.0,41.719287326090395,396.37825000000004,0.02437323394457941
263,18.99362304,299.8444,1019.0600000000001,98580.6,39.472020000014396,395.6125,0.026438185833880797
264,19.703208959999998,300.2346,1068.52,98568.4,40.5962189999928,396.06499999999994,0.02753204149491553
265,21.387024,300.583,1155.36,98543.2,46.1303593714224,394.65649999999994,0.024301339901328278
266,20.37954816,300.57520000000005,1146.8799999999999,98522.8,45.15282,392.89175,0.026338155623502585
267,19.30196736,300.3476,1067.2800000000002,98528.0,41.2458225893712,392.22349999999994,0.02754310033034255
268,19.46543616,300.1734,1065.48,98548.8,44.86303319999039,395.87875,0.026416808989222197
269,18.93993408,300.21040000000005,1122.98,98559.6,38.863213199971206,393.7775,0.026935549425924864
270,18.5541408,299.62160000000006,993.9399999999999,98589.6,38.6573355000144,395.76975,0.026675508807856043
271,19.16519616,299.7532,1105.1399999999999,98612.2,38.9643877928592,393.71425,0.02663869391498987
272,22.143490559999996,300.09560000000005,1205.42,98625.4,45.90683910959039,391.73525,0.026427584295649512
273,16.50941568,299.27680000000004,1054.96,98633.4,36.8185208936112,394.85175,0.02682414231064252
274,18.686298239999996,299.45,1056.14,98618.0,38.9027177904312,396.171,0.025152085910048045
275,20.01989952,299.85800000000006,1083.76,98598.6,42.44354999998559,394.40975000000003,0.024696469276795464
276,20.984486399999998,300.31300000000005,1201.3799999999999,98583.0,45.211095,391.15599999999995,0.02170257503867756
277,19.575768959999998,299.8438,1105.48,98529.4,41.5896885000072,394.11925,0.026619050056142263
278,19.5250176,300.10499999999996,1171.76,98511.0,42.376178364876,390.90675,0.026329392328025353
279,19.370292479999996,300.1812,1196.2199999999998,98532.8,41.145049200009595,393.64875,0.02733332495321789
280,19.468529280000002,300.227,1240.3200000000002,98519.0,44.72972519999039,394.25025,0.028179191228303604
281,19.50917184,300.3902,1220.6399999999999,98479.0,37.99157399998559,394.01599999999996,0.025562669274500925
282,18.4382784,300.25120000000004,1160.1,98476.0,38.7833965999776,393.792,0.029448477960324383
283,18.248855040000002,300.53920000000005,1187.7,98495.0,36.3303,392.197,0.02686897713482399
284,19.403262719999997,300.4998,1198.0400000000002,98541.4,40.821152285095195,391.9865,0.025688461527918243
285,17.889482879999996,299.8280000000001,1035.44,98563.0,34.921852043472,391.56375,0.02792542763654418
286,16.2499392,299.68,973.78,98547.0,31.114623734042397,392.0535,0.029546267491540136
287,17.347668480000003,299.70340000000004,1057.02,98508.0,34.5390619499712,394.74625,0.031245318751393008
288,20.929242239999997,300.17240000000004,1180.06,98535.0,43.7181720318936,393.98875000000004,0.024973999825379
289,16.77673728,299.6726,1182.5400000000002,98513.2,32.60695217760792,391.62699999999995,0.027398916611381496
290,19.33987968,299.8684,1057.72,98491.6,43.323516737654394,393.20375,0.02320869895064235
291,17.58711744,299.869,1053.3,98469.6,37.0975986,393.44775,0.02415135302046208
292,19.38356352,300.28720000000004,1173.6399999999999,98471.6,38.68335540001439,394.6625,0.0275385491893625
293,19.777461119999998,300.554,1220.56,98454.0,40.170680999999995,393.61875000000003,0.028162810498397077
294,18.469123200000002,300.21380000000005,1126.66,98458.6,38.163120319159205,392.56325000000004,0.026088245282092457
295,18.468864000000004,300.1576,1106.48,98487.0,39.4448444999928,393.22775,0.027207509970034127
296,19.09738944,300.21000000000004,1183.32,98499.6,38.905656182611196,394.7075,0.026807202077215323
297,18.370938239999997,300.0164000000001,1094.8,98462.2,37.0424294999856,393.58475,0.02723272381946309
298,18.4292064,299.8256,1103.2599999999998,98453.6,38.2785525000144,395.28025,0.03286888507233304
299,16.91926272,299.9506,1115.98,98443.0,37.600642173923994,393.12075,0.029549983055954968
300,18.169211519999998,300.2188,1131.6399999999999,98447.8,38.2654277608752,395.24300000000005,0.02800818104708853
301,15.18835968,299.7954000000001,1015.0200000000001,98464.2,30.216329329780798,396.82400000000007,0.028225437336813767
302,16.38830016,299.9494,1041.34,98428.0,32.59088595,395.35725,0.029405276109134307
303,13.990510079999998,299.63680000000005,947.5800000000002,98446.4,28.7982900000072,392.90900000000005,0.02846408188179961
304,16.39065024,299.59880000000004,975.22,98453.8,33.506232702119995,395.36175,0.029105349105283826
305,16.681697279999998,299.8702,1010.4,98407.8,34.645434864890404,393.79375000000005,0.0286628964331212
306,16.44378624,299.6288,1067.84,98372.8,35.9373346851168,393.922,0.02976009488998541
307,16.20039744,299.95120000000003,973.22,98413.4,31.223173565232003,404.29925000000003,0.03155794811330027
308,15.0011136,299.1412,956.6,98418.2,26.578743087824645,402.702,0.028865713647918973
309,19.29470976,300.06020000000007,1108.28,98445.0,40.097143261317605,398.90675,0.025804549482453074
310,18.17197632,300.5794000000001,1173.2199999999998,98445.2,36.7005250494288,396.35575000000006,0.02587525515564394
311,16.16257152,299.9116,1005.4400000000002,98434.2,30.615145043479195,396.39549999999997,0.026600764416236343
312,12.07835712,298.39840000000004,761.36,98480.2,21.8330560036368,397.65225,0.03387879836910295
313,14.07946752,298.4076,860.4200000000001,98474.80000000002,29.6251918584624,395.11075000000005,0.027542269880019232
314,17.953488,299.8752,1004.4599999999998,98419.0,37.7051898829896,392.40024999999997,0.02606515052836529
315,17.942117759999995,300.34380000000004,1108.7,98412.2,36.3233676063744,392.75325,0.028588088839370945
316,16.89617664,300.27220000000005,1074.94,98408.2,33.258278934792,399.20975,0.030346373821520063
317,17.883296639999998,300.41400000000004,1107.0,98396.8,36.019716710868,396.4175,0.0280871750068292
318,18.50897088,300.13280000000003,1055.72,98415.6,36.621259780852796,395.16324999999995,0.027747243160986017
319,17.63481024,300.3094,1038.66,98448.6,36.1370654999856,395.7985,0.028286320038893226
320,15.164323199999998,299.9832,1002.1200000000001,98459.2,31.4148149999928,396.32475,0.028708493110634028
321,16.25726592,300.13520000000005,1026.7400000000002,98459.4,34.5133775000016,394.3935,0.029319491164513035
322,18.27004032,300.4868,1125.1,98455.4,35.162300680848,389.6695,0.028610243940792625
323,18.08355456,300.45200000000006,1116.02,98450.4,39.2091207096672,397.86650000000003,0.033683402145725135
324,18.51092352,300.03920000000005,1058.84,98451.6,27.782379,395.42625,0.03164048694328445
325,20.143019519999996,300.4898,1169.52,98473.4,35.8185869999856,394.54625,0.03204307305590982
326,19.2951072,300.4832,1117.52,98484.4,33.624828,392.77775,0.028363862560215322
327,19.44418176,300.44620000000003,1187.3600000000001,98434.0,36.3832470000144,393.22375,0.033301975494446676
328,17.213178239999998,300.21760000000006,1069.2199999999998,98438.0,31.5859680000144,395.80899999999997,0.03399009332252824
329,16.75335744,300.0126,1051.22,98451.6,34.0872600000096,394.76250000000005,0.03134757384437996
330,17.27676864,300.00980000000004,1072.7599999999998,98428.0,35.4306479999904,393.22700000000003,0.03233514103387977
331,18.4394016,300.3378,1181.2800000000002,98389.4,34.437564,393.03749999999997,0.0315770322221955
332,13.466908799999999,299.5394,1105.5,98419.6,25.9799813590968,394.86,0.02969613607010492
333,16.83220608,300.1966,1220.98,98416.8,33.338366999985595,395.1085,0.03016218220889615
334,17.77310208,300.6496000000001,1254.28,98397.4,36.165658499985604,393.04699999999997,0.026877906368730737
335,16.79562432,300.4542,1175.2800000000002,98390.8,34.1685226956384,393.07624999999996,0.03193092688609536
336,15.828981119999998,299.94780000000003,1027.76,98382.4,30.2320732499928,394.0345,0.030274404022197252
337,15.14011392,299.49580000000003,945.3,98407.0,31.622959959307195,395.81674999999996,0.0335771532074522
338,16.530652799999995,299.79380000000003,964.8799999999999,98440.6,33.6702934700064,394.86775,0.03257304816434293
339,17.17550784,300.3486,1110.96,98427.2,33.8970318000048,392.33775,0.030331053941939967
340,18.32160384,300.63739999999996,1149.26,98430.8,36.4069053,394.40374999999995,0.029081488560334188
341,14.9325984,299.7704,984.8199999999999,98445.2,29.2247704440504,395.14599999999996,0.03043751214880372
342,15.602492159999997,299.6812,987.74,98462.4,31.6196099999712,396.36574999999993,0.030837128115224953
343,13.078834559999999,299.17300000000006,911.1,98465.8,24.058322999993518,393.02324999999996,0.030076584558645546
344,14.898816,299.651,995.7800000000001,98476.2,31.2523389000072,393.6545,0.0328673746079341
345,15.762781439999998,299.822,1032.34,98452.2,33.994795499999995,398.52200000000005,0.028781901074264146
346,14.551557120000002,299.701,1041.06,98443.8,29.727980999985597,397.437,0.03227339974036934
347,16.30179648,300.02200000000005,1207.6399999999999,98438.2,30.9674659499856,397.24925,0.03763751846245921
348,15.152711039999996,299.4674,1037.22,98422.0,30.994134989364,395.6155,0.028187805446405312
349,15.842926080000002,299.55240000000003,1048.3200000000002,98432.0,32.885967326090395,399.81149999999997,0.03219823669775209
350,15.50745216,299.07720000000006,991.9599999999998,98450.8,37.982038617,398.43775,0.027328083314792445
351,13.603334399999998,299.0296,931.78,98484.0,26.672514000019202,395.70900000000006,0.028637795447418648
352,12.782447999999997,298.64540000000005,834.3800000000001,98537.0,29.810060922585595,399.767,0.028933153526978787
353,15.864854400000002,299.19620000000003,934.8800000000001,98585.4,31.636898617031996,397.82450000000006,0.028745417446130832
354,18.19680768,299.84720000000004,1230.7,98577.8,38.186280426311995,395.08849999999995,0.028833799912918595
355,17.273658239999996,299.7416,1161.94,98541.0,35.8921449,395.2435,0.030678913257185702
356,15.556458240000001,299.3802,1001.0200000000001,98509.8,29.7856006956288,394.034,0.029522204671499252
357,12.98863296,299.47560000000004,952.3,98487.4,31.547561999990396,392.35450000000003,0.029337988146287866
358,12.962056319999999,299.1786,925.04,98496.8,32.034448319990396,393.3075,0.030109112239651924
359,18.166291199999996,299.8308,1144.2599999999998,98474.4,35.006688,401.97749999999996,0.029493792728977963
360,14.82535872,299.3932000000001,991.7,98526.0,29.386182000009597,398.72824999999995,0.03132513097484917
361,12.654057599999998,298.82640000000004,952.5,98510.8,32.6575319999904,396.9145,0.029474627782629836
362,14.14580544,299.1628,1000.22,98495.0,31.453818600009598,399.36175000000003,0.02959748740964189
363,15.34641984,299.2914,1046.8200000000002,98511.0,31.868790600009593,398.903,0.0311536003257433
364,13.920197759999999,299.34839999999997,996.2400000000001,98529.2,35.727247761696,401.65975,0.029366863678765325
365,13.169986560000002,298.9352,965.8,98551.4,32.82095700000001,399.892,0.02996896159974859
